Name,Iterations,Elapsed
FourierTransform,5120,22.333500371094
SquareRoot,5120,0.000056132812
PowCosine,5120,0.000127441406
