Name,Iterations,Elapsed
FibonacciArray,5120,0.000366171875
FibonacciRecursive,5120,0.038724179688
FourierTransform,5120,29.923548339844
SquareRoot,5120,0.000015429688
QuakeInverseSqrt,5120,0.000028359375
PowCosine,5120,0.000028574219
